"V1","V2","V3","V4","V5","V6","V7","V8","V9","V10","V11","V12","V13","V14","V15"
1,50,20,20,0.95,100,0.01,100,0.01,14,0,8,6,0,5
2,50,20,20,0.95,100,0.01,100,0.01,20,0,7,13,0,9
3,50,20,20,0.95,100,0.01,100,0.01,17,0,13,9,0,8
4,50,20,20,0.95,100,0.01,100,0.01,12,0,6,16,2,11
5,50,20,20,0.95,100,0.01,100,0.01,23,0,12,15,0,8
6,50,20,20,0.95,100,0.01,100,0.01,18,0,11,3,0,2
7,50,20,20,0.95,100,0.01,100,0.01,13,0,7,10,1,8
8,50,20,20,0.95,100,0.01,100,0.01,22,0,11,7,0,7
9,50,20,20,0.95,100,0.01,100,0.01,20,0,9,7,0,5
10,50,20,20,0.95,100,0.01,100,0.01,16,0,11,8,0,7
11,50,20,20,0.95,100,0.01,100,0.01,12,1,8,13,0,10
12,50,20,20,0.95,100,0.01,100,0.01,20,0,10,9,0,8
13,50,20,20,0.95,100,0.01,100,0.01,9,0,7,5,1,4
14,50,20,20,0.95,100,0.01,100,0.01,15,0,10,13,0,9
15,50,20,20,0.95,100,0.01,100,0.01,11,0,7,16,0,10
16,50,20,20,0.95,100,0.01,100,0.01,11,0,8,11,0,9
17,50,20,20,0.95,100,0.01,100,0.01,19,1,11,16,0,13
18,50,20,20,0.95,100,0.01,100,0.01,9,0,8,17,0,14
19,50,20,20,0.95,100,0.01,100,0.01,14,0,6,10,0,9
20,50,20,20,0.95,100,0.01,100,0.01,34,0,11,10,0,9
21,50,20,20,0.95,100,0.01,100,0.01,5,0,4,13,0,8
22,50,20,20,0.95,100,0.01,100,0.01,13,0,8,11,0,11
23,50,20,20,0.95,100,0.01,100,0.01,16,0,7,10,0,8
24,50,20,20,0.95,100,0.01,100,0.01,30,0,8,5,0,5
25,50,20,20,0.95,100,0.01,100,0.01,15,1,8,10,1,9
26,50,20,20,0.95,100,0.01,100,0.01,15,1,10,15,1,10
27,50,20,20,0.95,100,0.01,100,0.01,11,0,5,8,0,7
28,50,20,20,0.95,100,0.01,100,0.01,16,0,11,6,0,5
29,50,20,20,0.95,100,0.01,100,0.01,8,0,7,7,0,7
30,50,20,20,0.95,100,0.01,100,0.01,16,1,8,8,0,7
31,50,20,20,0.95,100,0.01,100,0.01,17,0,8,10,0,10
32,50,20,20,0.95,100,0.01,100,0.01,16,0,9,15,0,8
33,50,20,20,0.95,100,0.01,100,0.01,13,0,10,19,0,12
34,50,20,20,0.95,100,0.01,100,0.01,7,0,6,7,0,4
35,50,20,20,0.95,100,0.01,100,0.01,14,1,8,12,0,10
36,50,20,20,0.95,100,0.01,100,0.01,5,0,4,10,0,7
37,50,20,20,0.95,100,0.01,100,0.01,16,1,8,14,0,11
38,50,20,20,0.95,100,0.01,100,0.01,24,0,12,10,0,9
39,50,20,20,0.95,100,0.01,100,0.01,24,0,11,10,0,6
40,50,20,20,0.95,100,0.01,100,0.01,12,0,7,6,0,4
41,50,20,20,0.95,100,0.01,100,0.01,6,0,5,6,0,5
42,50,20,20,0.95,100,0.01,100,0.01,12,0,7,6,0,6
43,50,20,20,0.95,100,0.01,100,0.01,14,1,6,11,0,9
44,50,20,20,0.95,100,0.01,100,0.01,10,1,7,6,0,5
45,50,20,20,0.95,100,0.01,100,0.01,14,0,9,13,0,10
46,50,20,20,0.95,100,0.01,100,0.01,12,0,5,10,0,9
47,50,20,20,0.95,100,0.01,100,0.01,16,0,9,13,0,12
48,50,20,20,0.95,100,0.01,100,0.01,13,0,6,8,0,6
49,50,20,20,0.95,100,0.01,100,0.01,17,0,7,8,0,7
50,50,20,20,0.95,100,0.01,100,0.01,16,0,7,6,1,4
51,50,20,20,0.95,100,0.01,100,0.01,16,0,9,6,0,6
52,50,20,20,0.95,100,0.01,100,0.01,14,0,8,14,0,11
53,50,20,20,0.95,100,0.01,100,0.01,10,0,7,6,1,5
54,50,20,20,0.95,100,0.01,100,0.01,19,0,10,12,0,11
55,50,20,20,0.95,100,0.01,100,0.01,9,0,5,8,0,7
56,50,20,20,0.95,100,0.01,100,0.01,13,0,6,10,0,5
57,50,20,20,0.95,100,0.01,100,0.01,17,1,8,9,1,7
58,50,20,20,0.95,100,0.01,100,0.01,18,0,7,6,0,5
59,50,20,20,0.95,100,0.01,100,0.01,15,0,9,11,0,10
60,50,20,20,0.95,100,0.01,100,0.01,19,0,8,10,0,9
61,50,20,20,0.95,100,0.01,100,0.01,10,1,7,3,0,3
62,50,20,20,0.95,100,0.01,100,0.01,15,0,9,11,0,8
63,50,20,20,0.95,100,0.01,100,0.01,16,1,10,8,0,6
64,50,20,20,0.95,100,0.01,100,0.01,16,0,9,8,0,6
65,50,20,20,0.95,100,0.01,100,0.01,13,0,8,13,0,12
66,50,20,20,0.95,100,0.01,100,0.01,17,0,10,12,0,10
67,50,20,20,0.95,100,0.01,100,0.01,6,0,5,10,0,7
68,50,20,20,0.95,100,0.01,100,0.01,21,0,13,10,0,8
69,50,20,20,0.95,100,0.01,100,0.01,13,0,7,8,0,8
70,50,20,20,0.95,100,0.01,100,0.01,11,0,9,7,0,5
71,50,20,20,0.95,100,0.01,100,0.01,18,0,10,8,0,7
72,50,20,20,0.95,100,0.01,100,0.01,17,0,7,11,0,7
73,50,20,20,0.95,100,0.01,100,0.01,13,0,5,7,0,5
74,50,20,20,0.95,100,0.01,100,0.01,17,1,9,5,0,5
75,50,20,20,0.95,100,0.01,100,0.01,12,0,8,12,0,8
76,50,20,20,0.95,100,0.01,100,0.01,9,0,6,7,0,6
77,50,20,20,0.95,100,0.01,100,0.01,6,0,5,14,0,9
78,50,20,20,0.95,100,0.01,100,0.01,19,0,10,11,0,8
79,50,20,20,0.95,100,0.01,100,0.01,23,0,13,10,0,8
80,50,20,20,0.95,100,0.01,100,0.01,12,0,7,11,0,9
81,50,20,20,0.95,100,0.01,100,0.01,14,1,6,9,0,8
82,50,20,20,0.95,100,0.01,100,0.01,11,0,6,9,0,8
83,50,20,20,0.95,100,0.01,100,0.01,12,0,7,14,0,7
84,50,20,20,0.95,100,0.01,100,0.01,15,0,7,10,0,9
85,50,20,20,0.95,100,0.01,100,0.01,17,0,10,5,0,5
86,50,20,20,0.95,100,0.01,100,0.01,11,1,6,6,0,5
87,50,20,20,0.95,100,0.01,100,0.01,12,0,8,12,0,9
88,50,20,20,0.95,100,0.01,100,0.01,14,1,8,16,0,12
89,50,20,20,0.95,100,0.01,100,0.01,16,0,9,7,0,7
90,50,20,20,0.95,100,0.01,100,0.01,15,0,8,6,0,4
91,50,20,20,0.95,100,0.01,100,0.01,20,0,8,15,0,11
92,50,20,20,0.95,100,0.01,100,0.01,33,0,14,10,0,8
93,50,20,20,0.95,100,0.01,100,0.01,20,0,9,13,0,10
94,50,20,20,0.95,100,0.01,100,0.01,13,1,7,7,0,5
95,50,20,20,0.95,100,0.01,100,0.01,11,1,6,7,0,7
96,50,20,20,0.95,100,0.01,100,0.01,8,0,5,9,0,9
97,50,20,20,0.95,100,0.01,100,0.01,17,2,9,6,0,5
98,50,20,20,0.95,100,0.01,100,0.01,13,0,7,12,0,8
99,50,20,20,0.95,100,0.01,100,0.01,17,0,9,9,0,8
100,50,20,20,0.95,100,0.01,100,0.01,7,0,6,4,0,4
1,50,50,20,0.95,100,0.01,100,0.01,47,0,25,13,0,13
2,50,50,20,0.95,100,0.01,100,0.01,33,0,20,23,1,20
3,50,50,20,0.95,100,0.01,100,0.01,45,1,19,22,0,18
4,50,50,20,0.95,100,0.01,100,0.01,59,1,28,25,0,20
5,50,50,20,0.95,100,0.01,100,0.01,30,1,19,27,1,22
6,50,50,20,0.95,100,0.01,100,0.01,47,0,28,31,0,24
7,50,50,20,0.95,100,0.01,100,0.01,46,0,22,32,0,25
8,50,50,20,0.95,100,0.01,100,0.01,35,1,21,20,0,16
9,50,50,20,0.95,100,0.01,100,0.01,49,0,24,19,1,15
10,50,50,20,0.95,100,0.01,100,0.01,43,0,25,32,1,22
11,50,50,20,0.95,100,0.01,100,0.01,32,0,20,22,1,16
12,50,50,20,0.95,100,0.01,100,0.01,43,0,23,24,0,17
13,50,50,20,0.95,100,0.01,100,0.01,54,2,22,24,0,15
14,50,50,20,0.95,100,0.01,100,0.01,54,1,23,19,0,15
15,50,50,20,0.95,100,0.01,100,0.01,35,1,20,28,0,25
16,50,50,20,0.95,100,0.01,100,0.01,39,0,18,27,0,22
17,50,50,20,0.95,100,0.01,100,0.01,35,0,23,34,0,24
18,50,50,20,0.95,100,0.01,100,0.01,30,1,20,20,0,15
19,50,50,20,0.95,100,0.01,100,0.01,38,2,20,22,1,18
20,50,50,20,0.95,100,0.01,100,0.01,50,0,22,15,0,14
21,50,50,20,0.95,100,0.01,100,0.01,37,0,17,28,1,20
22,50,50,20,0.95,100,0.01,100,0.01,53,1,27,17,0,14
23,50,50,20,0.95,100,0.01,100,0.01,41,0,22,18,0,17
24,50,50,20,0.95,100,0.01,100,0.01,27,2,16,30,1,20
25,50,50,20,0.95,100,0.01,100,0.01,43,1,23,19,0,14
26,50,50,20,0.95,100,0.01,100,0.01,35,0,18,18,1,13
27,50,50,20,0.95,100,0.01,100,0.01,28,0,13,21,0,17
28,50,50,20,0.95,100,0.01,100,0.01,44,1,21,27,0,22
29,50,50,20,0.95,100,0.01,100,0.01,34,0,25,22,0,18
30,50,50,20,0.95,100,0.01,100,0.01,37,0,19,27,0,23
31,50,50,20,0.95,100,0.01,100,0.01,21,0,11,26,0,20
32,50,50,20,0.95,100,0.01,100,0.01,38,0,22,21,0,17
33,50,50,20,0.95,100,0.01,100,0.01,30,0,20,23,0,18
34,50,50,20,0.95,100,0.01,100,0.01,24,0,18,22,0,20
35,50,50,20,0.95,100,0.01,100,0.01,38,0,20,20,0,17
36,50,50,20,0.95,100,0.01,100,0.01,36,0,22,33,0,26
37,50,50,20,0.95,100,0.01,100,0.01,43,1,23,23,0,18
38,50,50,20,0.95,100,0.01,100,0.01,31,0,17,25,0,21
39,50,50,20,0.95,100,0.01,100,0.01,34,0,20,23,0,18
40,50,50,20,0.95,100,0.01,100,0.01,47,0,27,28,0,20
41,50,50,20,0.95,100,0.01,100,0.01,34,0,21,28,1,18
42,50,50,20,0.95,100,0.01,100,0.01,43,1,21,23,0,19
43,50,50,20,0.95,100,0.01,100,0.01,45,1,18,19,0,16
44,50,50,20,0.95,100,0.01,100,0.01,47,0,23,30,1,23
45,50,50,20,0.95,100,0.01,100,0.01,38,1,23,25,0,21
46,50,50,20,0.95,100,0.01,100,0.01,34,0,18,23,0,17
47,50,50,20,0.95,100,0.01,100,0.01,30,0,17,31,0,26
48,50,50,20,0.95,100,0.01,100,0.01,33,0,17,30,0,19
49,50,50,20,0.95,100,0.01,100,0.01,45,0,24,19,0,16
50,50,50,20,0.95,100,0.01,100,0.01,37,0,18,20,0,18
51,50,50,20,0.95,100,0.01,100,0.01,33,1,22,26,1,21
52,50,50,20,0.95,100,0.01,100,0.01,52,0,25,21,0,17
53,50,50,20,0.95,100,0.01,100,0.01,38,0,21,18,1,14
54,50,50,20,0.95,100,0.01,100,0.01,44,2,22,27,0,21
55,50,50,20,0.95,100,0.01,100,0.01,23,1,14,17,0,13
56,50,50,20,0.95,100,0.01,100,0.01,21,0,14,32,0,25
57,50,50,20,0.95,100,0.01,100,0.01,46,0,24,37,1,21
58,50,50,20,0.95,100,0.01,100,0.01,44,0,25,21,0,16
59,50,50,20,0.95,100,0.01,100,0.01,31,1,22,18,0,16
60,50,50,20,0.95,100,0.01,100,0.01,42,2,20,24,0,20
61,50,50,20,0.95,100,0.01,100,0.01,47,1,28,26,0,21
62,50,50,20,0.95,100,0.01,100,0.01,32,0,25,17,0,13
63,50,50,20,0.95,100,0.01,100,0.01,38,0,19,27,1,23
64,50,50,20,0.95,100,0.01,100,0.01,33,0,19,21,0,19
65,50,50,20,0.95,100,0.01,100,0.01,45,1,21,24,0,18
66,50,50,20,0.95,100,0.01,100,0.01,36,0,21,23,1,17
67,50,50,20,0.95,100,0.01,100,0.01,32,0,20,21,0,19
68,50,50,20,0.95,100,0.01,100,0.01,41,0,20,26,0,19
69,50,50,20,0.95,100,0.01,100,0.01,36,0,19,30,0,21
70,50,50,20,0.95,100,0.01,100,0.01,45,0,26,18,0,15
71,50,50,20,0.95,100,0.01,100,0.01,37,0,22,23,0,19
72,50,50,20,0.95,100,0.01,100,0.01,48,0,28,32,0,22
73,50,50,20,0.95,100,0.01,100,0.01,25,1,18,24,0,22
74,50,50,20,0.95,100,0.01,100,0.01,39,1,22,21,0,17
75,50,50,20,0.95,100,0.01,100,0.01,33,1,20,29,0,23
76,50,50,20,0.95,100,0.01,100,0.01,42,0,22,22,0,16
77,50,50,20,0.95,100,0.01,100,0.01,37,0,20,30,0,22
78,50,50,20,0.95,100,0.01,100,0.01,31,1,21,29,1,23
79,50,50,20,0.95,100,0.01,100,0.01,47,0,25,14,0,12
80,50,50,20,0.95,100,0.01,100,0.01,40,1,22,25,0,20
81,50,50,20,0.95,100,0.01,100,0.01,27,0,15,19,0,17
82,50,50,20,0.95,100,0.01,100,0.01,29,0,18,21,0,17
83,50,50,20,0.95,100,0.01,100,0.01,32,0,18,21,0,19
84,50,50,20,0.95,100,0.01,100,0.01,36,1,19,19,1,15
85,50,50,20,0.95,100,0.01,100,0.01,27,0,14,25,0,20
86,50,50,20,0.95,100,0.01,100,0.01,22,0,15,22,0,17
87,50,50,20,0.95,100,0.01,100,0.01,35,1,18,13,0,12
88,50,50,20,0.95,100,0.01,100,0.01,44,1,24,31,0,24
89,50,50,20,0.95,100,0.01,100,0.01,26,0,17,30,0,24
90,50,50,20,0.95,100,0.01,100,0.01,34,0,23,29,0,22
91,50,50,20,0.95,100,0.01,100,0.01,18,0,13,37,0,27
92,50,50,20,0.95,100,0.01,100,0.01,28,0,17,25,0,20
93,50,50,20,0.95,100,0.01,100,0.01,30,0,19,20,0,17
94,50,50,20,0.95,100,0.01,100,0.01,33,1,20,22,0,18
95,50,50,20,0.95,100,0.01,100,0.01,42,0,22,22,0,15
96,50,50,20,0.95,100,0.01,100,0.01,29,0,21,28,0,17
97,50,50,20,0.95,100,0.01,100,0.01,23,0,12,23,1,18
98,50,50,20,0.95,100,0.01,100,0.01,34,1,17,26,1,20
99,50,50,20,0.95,100,0.01,100,0.01,32,0,21,14,0,12
100,50,50,20,0.95,100,0.01,100,0.01,17,0,12,21,0,17
1,50,100,20,0.95,100,0.01,100,0.01,65,0,32,56,0,41
2,50,100,20,0.95,100,0.01,100,0.01,61,0,40,48,3,41
3,50,100,20,0.95,100,0.01,100,0.01,73,0,38,58,0,46
4,50,100,20,0.95,100,0.01,100,0.01,80,1,37,43,1,34
5,50,100,20,0.95,100,0.01,100,0.01,67,0,42,55,0,40
6,50,100,20,0.95,100,0.01,100,0.01,83,2,41,45,1,38
7,50,100,20,0.95,100,0.01,100,0.01,63,1,35,47,0,40
8,50,100,20,0.95,100,0.01,100,0.01,69,0,33,58,0,41
9,50,100,20,0.95,100,0.01,100,0.01,80,1,41,53,0,43
10,50,100,20,0.95,100,0.01,100,0.01,68,0,38,51,1,39
11,50,100,20,0.95,100,0.01,100,0.01,80,1,39,47,1,38
12,50,100,20,0.95,100,0.01,100,0.01,69,1,42,41,0,34
13,50,100,20,0.95,100,0.01,100,0.01,79,2,41,50,0,41
14,50,100,20,0.95,100,0.01,100,0.01,77,3,48,43,0,36
15,50,100,20,0.95,100,0.01,100,0.01,56,0,33,44,1,35
16,50,100,20,0.95,100,0.01,100,0.01,80,0,44,43,0,34
17,50,100,20,0.95,100,0.01,100,0.01,72,0,40,49,1,33
18,50,100,20,0.95,100,0.01,100,0.01,77,0,38,54,0,43
19,50,100,20,0.95,100,0.01,100,0.01,98,1,55,35,0,28
20,50,100,20,0.95,100,0.01,100,0.01,96,1,50,47,0,37
21,50,100,20,0.95,100,0.01,100,0.01,75,0,42,39,0,34
22,50,100,20,0.95,100,0.01,100,0.01,60,0,34,31,1,25
23,50,100,20,0.95,100,0.01,100,0.01,83,1,45,62,1,47
24,50,100,20,0.95,100,0.01,100,0.01,65,0,42,39,0,34
25,50,100,20,0.95,100,0.01,100,0.01,72,0,39,42,0,35
26,50,100,20,0.95,100,0.01,100,0.01,61,0,38,47,0,36
27,50,100,20,0.95,100,0.01,100,0.01,71,0,39,45,0,35
28,50,100,20,0.95,100,0.01,100,0.01,89,0,45,57,1,44
29,50,100,20,0.95,100,0.01,100,0.01,66,0,40,38,0,33
30,50,100,20,0.95,100,0.01,100,0.01,70,0,43,51,0,40
31,50,100,20,0.95,100,0.01,100,0.01,77,1,43,59,0,48
32,50,100,20,0.95,100,0.01,100,0.01,76,1,45,44,0,37
33,50,100,20,0.95,100,0.01,100,0.01,89,0,46,48,0,33
34,50,100,20,0.95,100,0.01,100,0.01,79,1,40,50,1,38
35,50,100,20,0.95,100,0.01,100,0.01,51,1,31,46,0,38
36,50,100,20,0.95,100,0.01,100,0.01,82,0,44,34,0,28
37,50,100,20,0.95,100,0.01,100,0.01,75,3,40,41,0,35
38,50,100,20,0.95,100,0.01,100,0.01,68,2,39,65,0,48
39,50,100,20,0.95,100,0.01,100,0.01,76,0,43,36,0,27
40,50,100,20,0.95,100,0.01,100,0.01,94,1,46,42,0,34
41,50,100,20,0.95,100,0.01,100,0.01,80,1,48,41,0,34
42,50,100,20,0.95,100,0.01,100,0.01,93,2,49,54,0,37
43,50,100,20,0.95,100,0.01,100,0.01,73,0,42,54,1,37
44,50,100,20,0.95,100,0.01,100,0.01,83,1,47,40,0,32
45,50,100,20,0.95,100,0.01,100,0.01,64,1,34,46,0,35
46,50,100,20,0.95,100,0.01,100,0.01,57,1,34,53,0,43
47,50,100,20,0.95,100,0.01,100,0.01,77,1,49,47,0,34
48,50,100,20,0.95,100,0.01,100,0.01,84,2,43,48,0,40
49,50,100,20,0.95,100,0.01,100,0.01,71,0,42,47,1,34
50,50,100,20,0.95,100,0.01,100,0.01,61,0,39,43,0,30
51,50,100,20,0.95,100,0.01,100,0.01,83,1,41,31,0,23
52,50,100,20,0.95,100,0.01,100,0.01,65,1,39,48,0,39
53,50,100,20,0.95,100,0.01,100,0.01,68,0,37,60,0,47
54,50,100,20,0.95,100,0.01,100,0.01,75,0,46,46,0,37
55,50,100,20,0.95,100,0.01,100,0.01,68,0,42,47,1,35
56,50,100,20,0.95,100,0.01,100,0.01,83,1,51,54,0,44
57,50,100,20,0.95,100,0.01,100,0.01,80,1,46,47,0,36
58,50,100,20,0.95,100,0.01,100,0.01,77,0,42,39,0,28
59,50,100,20,0.95,100,0.01,100,0.01,71,0,44,45,1,37
60,50,100,20,0.95,100,0.01,100,0.01,72,2,44,45,1,36
61,50,100,20,0.95,100,0.01,100,0.01,65,0,37,40,1,35
62,50,100,20,0.95,100,0.01,100,0.01,62,0,40,52,0,41
63,50,100,20,0.95,100,0.01,100,0.01,86,1,43,37,0,30
64,50,100,20,0.95,100,0.01,100,0.01,95,0,43,39,0,34
65,50,100,20,0.95,100,0.01,100,0.01,59,1,41,45,1,39
66,50,100,20,0.95,100,0.01,100,0.01,66,2,36,56,0,42
67,50,100,20,0.95,100,0.01,100,0.01,88,0,46,40,0,34
68,50,100,20,0.95,100,0.01,100,0.01,87,2,39,46,0,34
69,50,100,20,0.95,100,0.01,100,0.01,55,1,34,60,1,42
70,50,100,20,0.95,100,0.01,100,0.01,79,0,44,55,0,42
71,50,100,20,0.95,100,0.01,100,0.01,75,0,44,50,0,39
72,50,100,20,0.95,100,0.01,100,0.01,80,1,44,58,0,46
73,50,100,20,0.95,100,0.01,100,0.01,77,3,42,27,0,20
74,50,100,20,0.95,100,0.01,100,0.01,79,1,47,51,0,39
75,50,100,20,0.95,100,0.01,100,0.01,83,0,43,55,0,41
76,50,100,20,0.95,100,0.01,100,0.01,56,0,35,33,1,26
77,50,100,20,0.95,100,0.01,100,0.01,92,0,47,53,0,37
78,50,100,20,0.95,100,0.01,100,0.01,82,1,42,52,1,40
79,50,100,20,0.95,100,0.01,100,0.01,66,0,41,49,0,41
80,50,100,20,0.95,100,0.01,100,0.01,69,0,37,56,3,43
81,50,100,20,0.95,100,0.01,100,0.01,54,0,35,50,0,38
82,50,100,20,0.95,100,0.01,100,0.01,66,0,38,45,0,32
83,50,100,20,0.95,100,0.01,100,0.01,82,1,43,40,0,32
84,50,100,20,0.95,100,0.01,100,0.01,68,1,41,63,1,43
85,50,100,20,0.95,100,0.01,100,0.01,77,0,42,46,1,37
86,50,100,20,0.95,100,0.01,100,0.01,61,1,34,44,0,35
87,50,100,20,0.95,100,0.01,100,0.01,74,0,43,49,1,42
88,50,100,20,0.95,100,0.01,100,0.01,63,0,33,59,0,41
89,50,100,20,0.95,100,0.01,100,0.01,75,0,44,45,1,33
90,50,100,20,0.95,100,0.01,100,0.01,73,0,38,44,1,33
91,50,100,20,0.95,100,0.01,100,0.01,83,1,43,49,0,41
92,50,100,20,0.95,100,0.01,100,0.01,63,0,41,51,0,43
93,50,100,20,0.95,100,0.01,100,0.01,62,1,36,54,0,39
94,50,100,20,0.95,100,0.01,100,0.01,90,4,42,41,0,35
95,50,100,20,0.95,100,0.01,100,0.01,58,1,37,55,0,42
96,50,100,20,0.95,100,0.01,100,0.01,93,1,56,41,0,34
97,50,100,20,0.95,100,0.01,100,0.01,53,2,32,56,0,45
98,50,100,20,0.95,100,0.01,100,0.01,71,2,42,53,0,43
99,50,100,20,0.95,100,0.01,100,0.01,74,2,42,45,0,35
100,50,100,20,0.95,100,0.01,100,0.01,87,1,43,48,0,39
1,50,20,50,0.95,100,0.01,100,0.01,52,0,14,19,2,11
2,50,20,50,0.95,100,0.01,100,0.01,11,0,7,21,0,12
3,50,20,50,0.95,100,0.01,100,0.01,53,0,16,22,0,13
4,50,20,50,0.95,100,0.01,100,0.01,38,1,13,23,0,15
5,50,20,50,0.95,100,0.01,100,0.01,61,0,16,16,0,11
6,50,20,50,0.95,100,0.01,100,0.01,29,0,13,17,0,10
7,50,20,50,0.95,100,0.01,100,0.01,31,0,13,20,0,12
8,50,20,50,0.95,100,0.01,100,0.01,34,0,14,17,0,10
9,50,20,50,0.95,100,0.01,100,0.01,42,0,14,30,0,13
10,50,20,50,0.95,100,0.01,100,0.01,34,0,14,20,0,12
11,50,20,50,0.95,100,0.01,100,0.01,47,0,16,16,0,11
12,50,20,50,0.95,100,0.01,100,0.01,31,0,11,20,0,11
13,50,20,50,0.95,100,0.01,100,0.01,25,0,13,22,0,13
14,50,20,50,0.95,100,0.01,100,0.01,30,0,13,19,0,13
15,50,20,50,0.95,100,0.01,100,0.01,33,0,16,16,0,11
16,50,20,50,0.95,100,0.01,100,0.01,27,1,14,16,1,11
17,50,20,50,0.95,100,0.01,100,0.01,46,0,12,19,0,11
18,50,20,50,0.95,100,0.01,100,0.01,41,0,12,19,0,12
19,50,20,50,0.95,100,0.01,100,0.01,48,1,13,14,0,8
20,50,20,50,0.95,100,0.01,100,0.01,31,1,14,13,0,9
21,50,20,50,0.95,100,0.01,100,0.01,41,0,14,16,0,11
22,50,20,50,0.95,100,0.01,100,0.01,18,0,7,18,1,13
23,50,20,50,0.95,100,0.01,100,0.01,28,0,12,25,0,12
24,50,20,50,0.95,100,0.01,100,0.01,25,0,13,19,0,11
25,50,20,50,0.95,100,0.01,100,0.01,27,0,14,13,1,7
26,50,20,50,0.95,100,0.01,100,0.01,42,0,18,22,0,13
27,50,20,50,0.95,100,0.01,100,0.01,28,0,14,15,0,10
28,50,20,50,0.95,100,0.01,100,0.01,45,1,17,12,1,10
29,50,20,50,0.95,100,0.01,100,0.01,37,0,15,23,0,11
30,50,20,50,0.95,100,0.01,100,0.01,22,0,11,22,0,11
31,50,20,50,0.95,100,0.01,100,0.01,30,0,10,23,0,14
32,50,20,50,0.95,100,0.01,100,0.01,56,1,15,17,0,12
33,50,20,50,0.95,100,0.01,100,0.01,26,1,10,20,0,14
34,50,20,50,0.95,100,0.01,100,0.01,35,0,14,26,0,15
35,50,20,50,0.95,100,0.01,100,0.01,25,1,10,10,0,8
36,50,20,50,0.95,100,0.01,100,0.01,39,0,12,20,0,11
37,50,20,50,0.95,100,0.01,100,0.01,48,0,17,24,0,13
38,50,20,50,0.95,100,0.01,100,0.01,36,4,14,13,0,9
39,50,20,50,0.95,100,0.01,100,0.01,52,0,14,16,0,10
40,50,20,50,0.95,100,0.01,100,0.01,35,0,16,20,0,14
41,50,20,50,0.95,100,0.01,100,0.01,34,1,10,20,0,11
42,50,20,50,0.95,100,0.01,100,0.01,33,1,11,21,1,9
43,50,20,50,0.95,100,0.01,100,0.01,40,0,17,18,0,10
44,50,20,50,0.95,100,0.01,100,0.01,51,1,16,24,0,16
45,50,20,50,0.95,100,0.01,100,0.01,40,0,15,29,0,14
46,50,20,50,0.95,100,0.01,100,0.01,30,0,12,20,1,11
47,50,20,50,0.95,100,0.01,100,0.01,40,0,13,21,0,13
48,50,20,50,0.95,100,0.01,100,0.01,21,1,8,14,0,12
49,50,20,50,0.95,100,0.01,100,0.01,27,0,10,16,0,12
50,50,20,50,0.95,100,0.01,100,0.01,37,0,12,20,1,11
51,50,20,50,0.95,100,0.01,100,0.01,32,0,9,22,0,14
52,50,20,50,0.95,100,0.01,100,0.01,39,2,14,19,0,14
53,50,20,50,0.95,100,0.01,100,0.01,34,1,12,22,0,12
54,50,20,50,0.95,100,0.01,100,0.01,45,0,16,11,2,7
55,50,20,50,0.95,100,0.01,100,0.01,57,0,20,19,0,13
56,50,20,50,0.95,100,0.01,100,0.01,36,0,14,22,0,15
57,50,20,50,0.95,100,0.01,100,0.01,24,0,9,17,0,12
58,50,20,50,0.95,100,0.01,100,0.01,25,0,9,24,0,12
59,50,20,50,0.95,100,0.01,100,0.01,46,0,17,17,0,10
60,50,20,50,0.95,100,0.01,100,0.01,22,0,10,15,0,10
61,50,20,50,0.95,100,0.01,100,0.01,20,0,10,17,0,11
62,50,20,50,0.95,100,0.01,100,0.01,29,0,12,17,0,12
63,50,20,50,0.95,100,0.01,100,0.01,34,0,12,29,0,15
64,50,20,50,0.95,100,0.01,100,0.01,32,1,9,27,0,12
65,50,20,50,0.95,100,0.01,100,0.01,36,0,14,16,0,11
66,50,20,50,0.95,100,0.01,100,0.01,39,0,14,15,0,9
67,50,20,50,0.95,100,0.01,100,0.01,35,0,14,14,0,9
68,50,20,50,0.95,100,0.01,100,0.01,40,0,14,20,0,10
69,50,20,50,0.95,100,0.01,100,0.01,37,1,12,15,0,10
70,50,20,50,0.95,100,0.01,100,0.01,59,3,15,8,0,7
71,50,20,50,0.95,100,0.01,100,0.01,26,1,10,21,0,11
72,50,20,50,0.95,100,0.01,100,0.01,41,2,14,13,0,10
73,50,20,50,0.95,100,0.01,100,0.01,38,1,14,15,0,7
74,50,20,50,0.95,100,0.01,100,0.01,26,0,11,23,0,12
75,50,20,50,0.95,100,0.01,100,0.01,42,0,14,26,0,15
76,50,20,50,0.95,100,0.01,100,0.01,41,0,13,21,0,13
77,50,20,50,0.95,100,0.01,100,0.01,41,0,14,24,1,17
78,50,20,50,0.95,100,0.01,100,0.01,35,0,13,27,0,17
79,50,20,50,0.95,100,0.01,100,0.01,34,0,13,15,0,11
80,50,20,50,0.95,100,0.01,100,0.01,41,0,13,14,0,9
81,50,20,50,0.95,100,0.01,100,0.01,35,1,12,14,0,10
82,50,20,50,0.95,100,0.01,100,0.01,47,0,13,22,0,12
83,50,20,50,0.95,100,0.01,100,0.01,25,0,12,22,0,15
84,50,20,50,0.95,100,0.01,100,0.01,47,0,15,12,1,9
85,50,20,50,0.95,100,0.01,100,0.01,40,0,12,10,0,8
86,50,20,50,0.95,100,0.01,100,0.01,35,0,13,18,0,10
87,50,20,50,0.95,100,0.01,100,0.01,29,0,16,24,0,13
88,50,20,50,0.95,100,0.01,100,0.01,39,1,13,12,0,9
89,50,20,50,0.95,100,0.01,100,0.01,25,0,11,26,0,13
90,50,20,50,0.95,100,0.01,100,0.01,30,1,9,15,1,9
91,50,20,50,0.95,100,0.01,100,0.01,34,0,14,19,0,13
92,50,20,50,0.95,100,0.01,100,0.01,49,0,15,23,0,14
93,50,20,50,0.95,100,0.01,100,0.01,26,0,12,29,1,13
94,50,20,50,0.95,100,0.01,100,0.01,34,0,10,20,1,11
95,50,20,50,0.95,100,0.01,100,0.01,36,0,12,30,0,15
96,50,20,50,0.95,100,0.01,100,0.01,38,0,12,22,0,14
97,50,20,50,0.95,100,0.01,100,0.01,41,0,16,19,0,10
98,50,20,50,0.95,100,0.01,100,0.01,13,0,8,22,0,10
99,50,20,50,0.95,100,0.01,100,0.01,31,0,14,20,0,11
100,50,20,50,0.95,100,0.01,100,0.01,41,1,13,21,0,11
1,50,50,50,0.95,100,0.01,100,0.01,115,0,40,50,0,34
2,50,50,50,0.95,100,0.01,100,0.01,74,0,28,42,0,25
3,50,50,50,0.95,100,0.01,100,0.01,106,1,32,45,0,30
4,50,50,50,0.95,100,0.01,100,0.01,98,0,34,49,0,29
5,50,50,50,0.95,100,0.01,100,0.01,78,0,30,55,0,34
6,50,50,50,0.95,100,0.01,100,0.01,84,2,35,59,1,32
7,50,50,50,0.95,100,0.01,100,0.01,77,0,30,50,0,29
8,50,50,50,0.95,100,0.01,100,0.01,82,0,32,42,0,25
9,50,50,50,0.95,100,0.01,100,0.01,87,1,36,43,0,28
10,50,50,50,0.95,100,0.01,100,0.01,87,0,34,42,0,32
11,50,50,50,0.95,100,0.01,100,0.01,99,2,36,55,0,33
12,50,50,50,0.95,100,0.01,100,0.01,106,1,32,44,0,26
13,50,50,50,0.95,100,0.01,100,0.01,95,0,33,55,1,37
14,50,50,50,0.95,100,0.01,100,0.01,108,1,39,46,1,28
15,50,50,50,0.95,100,0.01,100,0.01,116,1,37,44,1,31
16,50,50,50,0.95,100,0.01,100,0.01,79,1,31,48,0,30
17,50,50,50,0.95,100,0.01,100,0.01,120,1,36,48,0,31
18,50,50,50,0.95,100,0.01,100,0.01,77,1,30,51,0,29
19,50,50,50,0.95,100,0.01,100,0.01,89,2,35,43,1,25
20,50,50,50,0.95,100,0.01,100,0.01,76,0,36,49,0,33
21,50,50,50,0.95,100,0.01,100,0.01,105,2,36,57,1,33
22,50,50,50,0.95,100,0.01,100,0.01,88,1,32,57,0,27
23,50,50,50,0.95,100,0.01,100,0.01,82,3,27,44,0,26
24,50,50,50,0.95,100,0.01,100,0.01,86,1,31,53,1,32
25,50,50,50,0.95,100,0.01,100,0.01,63,0,29,50,2,30
26,50,50,50,0.95,100,0.01,100,0.01,74,1,26,47,0,30
27,50,50,50,0.95,100,0.01,100,0.01,97,1,38,60,1,38
28,50,50,50,0.95,100,0.01,100,0.01,98,0,34,61,0,39
29,50,50,50,0.95,100,0.01,100,0.01,78,0,30,39,0,27
30,50,50,50,0.95,100,0.01,100,0.01,78,0,31,42,2,24
31,50,50,50,0.95,100,0.01,100,0.01,62,0,25,48,1,30
32,50,50,50,0.95,100,0.01,100,0.01,72,1,33,50,0,33
33,50,50,50,0.95,100,0.01,100,0.01,109,1,34,51,1,29
34,50,50,50,0.95,100,0.01,100,0.01,75,1,32,43,0,30
35,50,50,50,0.95,100,0.01,100,0.01,89,0,36,45,0,31
36,50,50,50,0.95,100,0.01,100,0.01,125,2,37,42,1,27
37,50,50,50,0.95,100,0.01,100,0.01,145,2,34,56,0,33
38,50,50,50,0.95,100,0.01,100,0.01,81,1,31,41,1,29
39,50,50,50,0.95,100,0.01,100,0.01,86,0,37,42,0,24
40,50,50,50,0.95,100,0.01,100,0.01,96,1,31,49,2,32
41,50,50,50,0.95,100,0.01,100,0.01,91,1,29,47,0,34
42,50,50,50,0.95,100,0.01,100,0.01,82,1,33,52,1,33
43,50,50,50,0.95,100,0.01,100,0.01,96,1,31,37,0,30
44,50,50,50,0.95,100,0.01,100,0.01,95,2,33,49,1,31
45,50,50,50,0.95,100,0.01,100,0.01,99,0,38,44,1,28
46,50,50,50,0.95,100,0.01,100,0.01,106,0,37,50,0,28
47,50,50,50,0.95,100,0.01,100,0.01,90,0,33,39,0,25
48,50,50,50,0.95,100,0.01,100,0.01,84,0,26,61,1,35
49,50,50,50,0.95,100,0.01,100,0.01,96,2,32,56,0,32
50,50,50,50,0.95,100,0.01,100,0.01,88,1,36,51,0,31
51,50,50,50,0.95,100,0.01,100,0.01,71,0,31,42,1,29
52,50,50,50,0.95,100,0.01,100,0.01,73,1,32,42,1,32
53,50,50,50,0.95,100,0.01,100,0.01,79,0,35,68,0,36
54,50,50,50,0.95,100,0.01,100,0.01,72,0,27,53,0,31
55,50,50,50,0.95,100,0.01,100,0.01,103,1,36,46,0,30
56,50,50,50,0.95,100,0.01,100,0.01,85,2,33,47,2,32
57,50,50,50,0.95,100,0.01,100,0.01,126,2,36,57,0,35
58,50,50,50,0.95,100,0.01,100,0.01,77,1,29,51,0,36
59,50,50,50,0.95,100,0.01,100,0.01,97,1,33,59,0,29
60,50,50,50,0.95,100,0.01,100,0.01,70,1,31,46,1,31
61,50,50,50,0.95,100,0.01,100,0.01,88,0,36,58,1,34
62,50,50,50,0.95,100,0.01,100,0.01,74,0,25,39,0,22
63,50,50,50,0.95,100,0.01,100,0.01,81,0,27,56,0,34
64,50,50,50,0.95,100,0.01,100,0.01,103,2,31,51,1,33
65,50,50,50,0.95,100,0.01,100,0.01,57,0,27,54,1,33
66,50,50,50,0.95,100,0.01,100,0.01,131,2,38,50,1,34
67,50,50,50,0.95,100,0.01,100,0.01,69,0,29,48,0,25
68,50,50,50,0.95,100,0.01,100,0.01,106,2,35,44,0,32
69,50,50,50,0.95,100,0.01,100,0.01,74,2,26,50,0,35
70,50,50,50,0.95,100,0.01,100,0.01,109,2,30,57,1,31
71,50,50,50,0.95,100,0.01,100,0.01,90,1,36,46,2,34
72,50,50,50,0.95,100,0.01,100,0.01,84,0,29,35,0,26
73,50,50,50,0.95,100,0.01,100,0.01,122,4,35,46,1,30
74,50,50,50,0.95,100,0.01,100,0.01,101,0,34,46,1,31
75,50,50,50,0.95,100,0.01,100,0.01,118,1,36,53,1,31
76,50,50,50,0.95,100,0.01,100,0.01,104,1,33,49,2,32
77,50,50,50,0.95,100,0.01,100,0.01,103,0,38,41,0,27
78,50,50,50,0.95,100,0.01,100,0.01,92,1,33,47,2,28
79,50,50,50,0.95,100,0.01,100,0.01,68,2,26,59,1,33
80,50,50,50,0.95,100,0.01,100,0.01,85,0,34,49,1,32
81,50,50,50,0.95,100,0.01,100,0.01,81,1,32,54,0,30
82,50,50,50,0.95,100,0.01,100,0.01,76,1,33,42,0,28
83,50,50,50,0.95,100,0.01,100,0.01,83,1,32,46,0,32
84,50,50,50,0.95,100,0.01,100,0.01,72,2,28,47,1,28
85,50,50,50,0.95,100,0.01,100,0.01,95,0,37,55,0,33
86,50,50,50,0.95,100,0.01,100,0.01,74,0,28,49,1,30
87,50,50,50,0.95,100,0.01,100,0.01,103,3,37,56,0,29
88,50,50,50,0.95,100,0.01,100,0.01,99,1,34,57,0,33
89,50,50,50,0.95,100,0.01,100,0.01,135,1,35,54,0,36
90,50,50,50,0.95,100,0.01,100,0.01,83,0,32,44,0,30
91,50,50,50,0.95,100,0.01,100,0.01,73,0,26,44,0,28
92,50,50,50,0.95,100,0.01,100,0.01,102,1,35,56,2,35
93,50,50,50,0.95,100,0.01,100,0.01,81,1,31,53,1,33
94,50,50,50,0.95,100,0.01,100,0.01,85,1,32,47,0,27
95,50,50,50,0.95,100,0.01,100,0.01,78,1,33,44,0,30
96,50,50,50,0.95,100,0.01,100,0.01,104,2,37,49,2,33
97,50,50,50,0.95,100,0.01,100,0.01,93,2,33,35,0,25
98,50,50,50,0.95,100,0.01,100,0.01,93,1,35,49,1,30
99,50,50,50,0.95,100,0.01,100,0.01,74,1,30,45,1,29
100,50,50,50,0.95,100,0.01,100,0.01,68,0,28,44,0,32
1,50,100,50,0.95,100,0.01,100,0.01,171,2,68,96,0,61
2,50,100,50,0.95,100,0.01,100,0.01,159,0,62,86,2,58
3,50,100,50,0.95,100,0.01,100,0.01,179,4,67,102,0,60
4,50,100,50,0.95,100,0.01,100,0.01,168,1,68,99,0,61
5,50,100,50,0.95,100,0.01,100,0.01,183,2,73,90,1,66
6,50,100,50,0.95,100,0.01,100,0.01,150,1,59,91,0,51
7,50,100,50,0.95,100,0.01,100,0.01,166,0,64,98,0,63
8,50,100,50,0.95,100,0.01,100,0.01,197,0,65,92,0,65
9,50,100,50,0.95,100,0.01,100,0.01,164,3,64,96,0,58
10,50,100,50,0.95,100,0.01,100,0.01,172,1,63,102,0,68
11,50,100,50,0.95,100,0.01,100,0.01,180,0,66,126,2,66
12,50,100,50,0.95,100,0.01,100,0.01,192,5,62,84,1,55
13,50,100,50,0.95,100,0.01,100,0.01,151,2,59,96,0,55
14,50,100,50,0.95,100,0.01,100,0.01,186,2,64,102,0,62
15,50,100,50,0.95,100,0.01,100,0.01,177,0,60,111,0,58
16,50,100,50,0.95,100,0.01,100,0.01,159,4,61,93,1,63
17,50,100,50,0.95,100,0.01,100,0.01,184,0,66,94,0,57
18,50,100,50,0.95,100,0.01,100,0.01,191,5,69,101,0,60
19,50,100,50,0.95,100,0.01,100,0.01,162,2,70,97,2,67
20,50,100,50,0.95,100,0.01,100,0.01,219,3,70,125,1,73
21,50,100,50,0.95,100,0.01,100,0.01,131,3,61,99,2,61
22,50,100,50,0.95,100,0.01,100,0.01,242,2,72,92,3,58
23,50,100,50,0.95,100,0.01,100,0.01,211,1,78,86,1,53
24,50,100,50,0.95,100,0.01,100,0.01,210,5,69,93,1,60
25,50,100,50,0.95,100,0.01,100,0.01,189,3,69,93,1,60
26,50,100,50,0.95,100,0.01,100,0.01,201,2,72,85,3,61
27,50,100,50,0.95,100,0.01,100,0.01,195,2,71,99,3,59
28,50,100,50,0.95,100,0.01,100,0.01,220,2,68,80,1,49
29,50,100,50,0.95,100,0.01,100,0.01,207,1,75,84,2,52
30,50,100,50,0.95,100,0.01,100,0.01,160,0,59,98,1,59
31,50,100,50,0.95,100,0.01,100,0.01,151,0,59,110,2,69
32,50,100,50,0.95,100,0.01,100,0.01,136,5,55,101,0,58
33,50,100,50,0.95,100,0.01,100,0.01,172,2,71,101,1,64
34,50,100,50,0.95,100,0.01,100,0.01,178,1,76,104,1,67
35,50,100,50,0.95,100,0.01,100,0.01,199,0,66,108,0,66
36,50,100,50,0.95,100,0.01,100,0.01,222,4,69,95,0,58
37,50,100,50,0.95,100,0.01,100,0.01,129,2,56,101,2,60
38,50,100,50,0.95,100,0.01,100,0.01,212,1,72,138,2,78
39,50,100,50,0.95,100,0.01,100,0.01,180,1,68,102,0,60
40,50,100,50,0.95,100,0.01,100,0.01,182,0,68,93,1,66
41,50,100,50,0.95,100,0.01,100,0.01,186,1,68,89,1,57
42,50,100,50,0.95,100,0.01,100,0.01,138,2,54,101,2,63
43,50,100,50,0.95,100,0.01,100,0.01,156,3,56,107,2,62
44,50,100,50,0.95,100,0.01,100,0.01,191,3,71,106,1,73
45,50,100,50,0.95,100,0.01,100,0.01,151,2,59,85,1,56
46,50,100,50,0.95,100,0.01,100,0.01,186,3,66,89,3,57
47,50,100,50,0.95,100,0.01,100,0.01,179,2,71,85,3,55
48,50,100,50,0.95,100,0.01,100,0.01,157,3,58,95,0,57
49,50,100,50,0.95,100,0.01,100,0.01,207,5,74,100,2,60
50,50,100,50,0.95,100,0.01,100,0.01,172,3,64,88,0,55
51,50,100,50,0.95,100,0.01,100,0.01,216,5,67,103,2,66
52,50,100,50,0.95,100,0.01,100,0.01,182,3,62,97,1,60
53,50,100,50,0.95,100,0.01,100,0.01,149,0,65,135,1,73
54,50,100,50,0.95,100,0.01,100,0.01,188,0,62,98,0,62
55,50,100,50,0.95,100,0.01,100,0.01,188,1,70,103,2,66
56,50,100,50,0.95,100,0.01,100,0.01,192,1,70,116,0,67
57,50,100,50,0.95,100,0.01,100,0.01,201,0,74,110,0,61
58,50,100,50,0.95,100,0.01,100,0.01,200,3,66,84,2,52
59,50,100,50,0.95,100,0.01,100,0.01,192,3,68,102,0,58
60,50,100,50,0.95,100,0.01,100,0.01,169,2,68,96,2,59
61,50,100,50,0.95,100,0.01,100,0.01,158,2,68,91,1,58
62,50,100,50,0.95,100,0.01,100,0.01,172,1,61,81,2,55
63,50,100,50,0.95,100,0.01,100,0.01,145,3,55,113,1,69
64,50,100,50,0.95,100,0.01,100,0.01,203,1,66,108,0,64
65,50,100,50,0.95,100,0.01,100,0.01,169,1,61,95,1,61
66,50,100,50,0.95,100,0.01,100,0.01,211,3,63,93,1,53
67,50,100,50,0.95,100,0.01,100,0.01,176,1,66,99,1,61
68,50,100,50,0.95,100,0.01,100,0.01,167,0,63,101,0,65
69,50,100,50,0.95,100,0.01,100,0.01,166,3,62,87,1,57
70,50,100,50,0.95,100,0.01,100,0.01,187,3,69,95,1,62
71,50,100,50,0.95,100,0.01,100,0.01,174,1,66,97,1,62
72,50,100,50,0.95,100,0.01,100,0.01,151,1,56,112,0,64
73,50,100,50,0.95,100,0.01,100,0.01,161,2,64,122,1,72
74,50,100,50,0.95,100,0.01,100,0.01,194,2,74,96,1,58
75,50,100,50,0.95,100,0.01,100,0.01,191,2,67,89,2,55
76,50,100,50,0.95,100,0.01,100,0.01,144,2,54,113,2,66
77,50,100,50,0.95,100,0.01,100,0.01,205,0,75,90,0,59
78,50,100,50,0.95,100,0.01,100,0.01,197,5,65,106,1,66
79,50,100,50,0.95,100,0.01,100,0.01,174,1,63,92,2,58
80,50,100,50,0.95,100,0.01,100,0.01,166,0,75,104,0,64
81,50,100,50,0.95,100,0.01,100,0.01,210,0,73,133,0,74
82,50,100,50,0.95,100,0.01,100,0.01,177,0,70,104,0,62
83,50,100,50,0.95,100,0.01,100,0.01,149,3,54,107,1,65
84,50,100,50,0.95,100,0.01,100,0.01,190,2,73,103,0,64
85,50,100,50,0.95,100,0.01,100,0.01,167,2,64,91,1,60
86,50,100,50,0.95,100,0.01,100,0.01,176,0,58,125,1,66
87,50,100,50,0.95,100,0.01,100,0.01,188,0,66,95,2,61
88,50,100,50,0.95,100,0.01,100,0.01,183,0,71,110,1,63
89,50,100,50,0.95,100,0.01,100,0.01,181,3,66,95,1,58
90,50,100,50,0.95,100,0.01,100,0.01,213,3,70,96,2,62
91,50,100,50,0.95,100,0.01,100,0.01,189,0,67,128,1,67
92,50,100,50,0.95,100,0.01,100,0.01,160,0,65,107,1,62
93,50,100,50,0.95,100,0.01,100,0.01,212,1,66,111,3,66
94,50,100,50,0.95,100,0.01,100,0.01,203,3,75,98,3,60
95,50,100,50,0.95,100,0.01,100,0.01,169,0,63,91,0,54
96,50,100,50,0.95,100,0.01,100,0.01,197,3,64,121,1,67
97,50,100,50,0.95,100,0.01,100,0.01,172,0,60,90,0,58
98,50,100,50,0.95,100,0.01,100,0.01,211,1,74,115,0,68
99,50,100,50,0.95,100,0.01,100,0.01,168,2,61,96,2,58
100,50,100,50,0.95,100,0.01,100,0.01,164,1,64,100,0,61
1,50,20,100,0.95,100,0.01,100,0.01,56,0,14,19,0,10
2,50,20,100,0.95,100,0.01,100,0.01,61,0,15,31,1,13
3,50,20,100,0.95,100,0.01,100,0.01,100,0,18,44,0,17
4,50,20,100,0.95,100,0.01,100,0.01,51,1,17,27,0,13
5,50,20,100,0.95,100,0.01,100,0.01,82,1,16,36,1,17
6,50,20,100,0.95,100,0.01,100,0.01,78,1,17,36,0,14
7,50,20,100,0.95,100,0.01,100,0.01,62,1,16,28,0,14
8,50,20,100,0.95,100,0.01,100,0.01,64,2,17,33,0,17
9,50,20,100,0.95,100,0.01,100,0.01,60,0,16,31,0,13
10,50,20,100,0.95,100,0.01,100,0.01,86,3,17,28,0,13
11,50,20,100,0.95,100,0.01,100,0.01,49,0,14,39,0,17
12,50,20,100,0.95,100,0.01,100,0.01,57,0,15,45,0,17
13,50,20,100,0.95,100,0.01,100,0.01,77,2,16,30,1,15
14,50,20,100,0.95,100,0.01,100,0.01,58,0,15,32,0,16
15,50,20,100,0.95,100,0.01,100,0.01,74,0,18,28,0,14
16,50,20,100,0.95,100,0.01,100,0.01,65,1,17,38,0,18
17,50,20,100,0.95,100,0.01,100,0.01,85,0,17,29,0,17
18,50,20,100,0.95,100,0.01,100,0.01,81,2,17,32,0,16
19,50,20,100,0.95,100,0.01,100,0.01,40,0,16,33,0,16
20,50,20,100,0.95,100,0.01,100,0.01,62,2,18,30,1,16
21,50,20,100,0.95,100,0.01,100,0.01,71,2,17,33,0,15
22,50,20,100,0.95,100,0.01,100,0.01,77,1,16,40,1,16
23,50,20,100,0.95,100,0.01,100,0.01,99,0,19,35,0,15
24,50,20,100,0.95,100,0.01,100,0.01,59,2,15,44,2,20
25,50,20,100,0.95,100,0.01,100,0.01,60,0,15,31,0,15
26,50,20,100,0.95,100,0.01,100,0.01,61,1,16,35,0,17
27,50,20,100,0.95,100,0.01,100,0.01,62,0,16,32,0,15
28,50,20,100,0.95,100,0.01,100,0.01,87,0,18,41,1,18
29,50,20,100,0.95,100,0.01,100,0.01,101,1,20,40,0,19
30,50,20,100,0.95,100,0.01,100,0.01,42,1,12,44,0,16
31,50,20,100,0.95,100,0.01,100,0.01,71,1,18,30,1,17
32,50,20,100,0.95,100,0.01,100,0.01,61,0,14,33,0,16
33,50,20,100,0.95,100,0.01,100,0.01,82,1,17,27,0,14
34,50,20,100,0.95,100,0.01,100,0.01,59,1,14,40,0,17
35,50,20,100,0.95,100,0.01,100,0.01,61,0,15,37,0,17
36,50,20,100,0.95,100,0.01,100,0.01,52,0,18,31,0,16
37,50,20,100,0.95,100,0.01,100,0.01,51,0,16,37,0,15
38,50,20,100,0.95,100,0.01,100,0.01,61,0,14,38,0,14
39,50,20,100,0.95,100,0.01,100,0.01,65,1,16,44,1,17
40,50,20,100,0.95,100,0.01,100,0.01,69,0,16,50,1,18
41,50,20,100,0.95,100,0.01,100,0.01,62,0,18,42,0,13
42,50,20,100,0.95,100,0.01,100,0.01,55,1,14,34,0,16
43,50,20,100,0.95,100,0.01,100,0.01,47,1,18,46,0,16
44,50,20,100,0.95,100,0.01,100,0.01,69,3,20,36,0,17
45,50,20,100,0.95,100,0.01,100,0.01,66,0,18,31,1,16
46,50,20,100,0.95,100,0.01,100,0.01,63,2,15,33,0,14
47,50,20,100,0.95,100,0.01,100,0.01,80,0,18,30,0,15
48,50,20,100,0.95,100,0.01,100,0.01,61,0,15,25,0,13
49,50,20,100,0.95,100,0.01,100,0.01,65,0,16,24,0,15
50,50,20,100,0.95,100,0.01,100,0.01,66,0,16,51,0,19
51,50,20,100,0.95,100,0.01,100,0.01,73,2,14,29,0,17
52,50,20,100,0.95,100,0.01,100,0.01,61,0,18,34,0,16
53,50,20,100,0.95,100,0.01,100,0.01,69,2,16,41,0,16
54,50,20,100,0.95,100,0.01,100,0.01,68,1,15,36,1,15
55,50,20,100,0.95,100,0.01,100,0.01,102,1,18,44,3,18
56,50,20,100,0.95,100,0.01,100,0.01,79,0,16,31,1,14
57,50,20,100,0.95,100,0.01,100,0.01,73,2,17,37,0,19
58,50,20,100,0.95,100,0.01,100,0.01,40,0,15,43,0,19
59,50,20,100,0.95,100,0.01,100,0.01,66,0,16,34,0,14
60,50,20,100,0.95,100,0.01,100,0.01,81,0,16,31,0,16
61,50,20,100,0.95,100,0.01,100,0.01,54,0,15,22,0,11
62,50,20,100,0.95,100,0.01,100,0.01,75,0,18,27,0,13
63,50,20,100,0.95,100,0.01,100,0.01,64,2,16,36,0,16
64,50,20,100,0.95,100,0.01,100,0.01,58,0,16,36,0,15
65,50,20,100,0.95,100,0.01,100,0.01,55,1,17,33,0,15
66,50,20,100,0.95,100,0.01,100,0.01,88,1,17,42,0,16
67,50,20,100,0.95,100,0.01,100,0.01,65,0,13,39,0,14
68,50,20,100,0.95,100,0.01,100,0.01,77,1,17,26,1,14
69,50,20,100,0.95,100,0.01,100,0.01,64,1,17,28,2,15
70,50,20,100,0.95,100,0.01,100,0.01,66,1,18,29,2,13
71,50,20,100,0.95,100,0.01,100,0.01,95,0,18,42,0,17
72,50,20,100,0.95,100,0.01,100,0.01,65,1,15,35,0,14
73,50,20,100,0.95,100,0.01,100,0.01,50,0,13,40,1,15
74,50,20,100,0.95,100,0.01,100,0.01,71,0,16,23,1,14
75,50,20,100,0.95,100,0.01,100,0.01,41,1,16,31,1,14
76,50,20,100,0.95,100,0.01,100,0.01,66,0,15,43,0,16
77,50,20,100,0.95,100,0.01,100,0.01,69,1,14,24,0,14
78,50,20,100,0.95,100,0.01,100,0.01,63,0,18,27,0,13
79,50,20,100,0.95,100,0.01,100,0.01,87,2,17,29,0,15
80,50,20,100,0.95,100,0.01,100,0.01,56,2,15,34,0,15
81,50,20,100,0.95,100,0.01,100,0.01,58,1,13,40,0,18
82,50,20,100,0.95,100,0.01,100,0.01,71,0,18,38,0,15
83,50,20,100,0.95,100,0.01,100,0.01,51,0,17,26,1,11
84,50,20,100,0.95,100,0.01,100,0.01,68,0,17,32,0,15
85,50,20,100,0.95,100,0.01,100,0.01,59,0,18,30,1,15
86,50,20,100,0.95,100,0.01,100,0.01,81,2,17,30,1,15
87,50,20,100,0.95,100,0.01,100,0.01,56,1,16,24,0,14
88,50,20,100,0.95,100,0.01,100,0.01,82,2,15,32,0,17
89,50,20,100,0.95,100,0.01,100,0.01,48,0,14,32,1,16
90,50,20,100,0.95,100,0.01,100,0.01,70,2,16,30,0,16
91,50,20,100,0.95,100,0.01,100,0.01,93,1,18,28,0,13
92,50,20,100,0.95,100,0.01,100,0.01,84,0,17,20,0,14
93,50,20,100,0.95,100,0.01,100,0.01,74,0,15,29,0,13
94,50,20,100,0.95,100,0.01,100,0.01,94,0,17,31,0,16
95,50,20,100,0.95,100,0.01,100,0.01,51,0,13,26,0,15
96,50,20,100,0.95,100,0.01,100,0.01,66,1,17,36,1,15
97,50,20,100,0.95,100,0.01,100,0.01,80,2,17,43,0,18
98,50,20,100,0.95,100,0.01,100,0.01,58,0,15,41,0,17
99,50,20,100,0.95,100,0.01,100,0.01,57,0,14,36,0,14
100,50,20,100,0.95,100,0.01,100,0.01,57,2,15,39,0,17
1,50,50,100,0.95,100,0.01,100,0.01,189,1,44,84,0,43
2,50,50,100,0.95,100,0.01,100,0.01,155,1,42,77,1,39
3,50,50,100,0.95,100,0.01,100,0.01,206,5,43,79,1,37
4,50,50,100,0.95,100,0.01,100,0.01,180,2,43,81,1,40
5,50,50,100,0.95,100,0.01,100,0.01,195,2,39,109,1,43
6,50,50,100,0.95,100,0.01,100,0.01,180,1,36,67,1,29
7,50,50,100,0.95,100,0.01,100,0.01,173,0,39,75,2,36
8,50,50,100,0.95,100,0.01,100,0.01,147,1,37,90,0,42
9,50,50,100,0.95,100,0.01,100,0.01,184,3,41,88,0,41
10,50,50,100,0.95,100,0.01,100,0.01,202,1,39,90,1,38
11,50,50,100,0.95,100,0.01,100,0.01,198,3,43,82,0,37
12,50,50,100,0.95,100,0.01,100,0.01,127,1,36,90,0,37
13,50,50,100,0.95,100,0.01,100,0.01,146,1,38,94,3,41
14,50,50,100,0.95,100,0.01,100,0.01,188,1,43,79,1,37
15,50,50,100,0.95,100,0.01,100,0.01,171,1,40,80,0,37
16,50,50,100,0.95,100,0.01,100,0.01,191,3,44,80,0,40
17,50,50,100,0.95,100,0.01,100,0.01,193,0,43,106,2,41
18,50,50,100,0.95,100,0.01,100,0.01,186,3,38,75,0,41
19,50,50,100,0.95,100,0.01,100,0.01,152,0,39,83,0,39
20,50,50,100,0.95,100,0.01,100,0.01,146,0,38,93,1,37
21,50,50,100,0.95,100,0.01,100,0.01,151,2,42,78,1,40
22,50,50,100,0.95,100,0.01,100,0.01,175,1,41,104,2,41
23,50,50,100,0.95,100,0.01,100,0.01,223,2,42,85,1,41
24,50,50,100,0.95,100,0.01,100,0.01,158,2,34,85,0,40
25,50,50,100,0.95,100,0.01,100,0.01,179,1,43,84,1,36
26,50,50,100,0.95,100,0.01,100,0.01,158,1,39,93,0,42
27,50,50,100,0.95,100,0.01,100,0.01,173,0,41,78,1,40
28,50,50,100,0.95,100,0.01,100,0.01,140,0,40,81,1,36
29,50,50,100,0.95,100,0.01,100,0.01,164,3,41,70,0,37
30,50,50,100,0.95,100,0.01,100,0.01,172,2,43,97,1,38
31,50,50,100,0.95,100,0.01,100,0.01,198,9,39,86,1,36
32,50,50,100,0.95,100,0.01,100,0.01,170,0,42,96,0,38
33,50,50,100,0.95,100,0.01,100,0.01,171,1,42,85,0,39
34,50,50,100,0.95,100,0.01,100,0.01,159,0,43,87,1,39
35,50,50,100,0.95,100,0.01,100,0.01,177,0,43,81,0,37
36,50,50,100,0.95,100,0.01,100,0.01,178,3,41,64,2,36
37,50,50,100,0.95,100,0.01,100,0.01,189,2,36,69,0,34
38,50,50,100,0.95,100,0.01,100,0.01,175,1,43,77,0,39
39,50,50,100,0.95,100,0.01,100,0.01,167,2,43,82,1,34
40,50,50,100,0.95,100,0.01,100,0.01,139,2,39,77,2,32
41,50,50,100,0.95,100,0.01,100,0.01,138,0,36,90,0,39
42,50,50,100,0.95,100,0.01,100,0.01,171,4,39,82,0,39
43,50,50,100,0.95,100,0.01,100,0.01,179,2,40,103,2,37
44,50,50,100,0.95,100,0.01,100,0.01,199,1,44,82,1,41
45,50,50,100,0.95,100,0.01,100,0.01,183,3,41,85,0,40
46,50,50,100,0.95,100,0.01,100,0.01,189,2,42,78,1,37
47,50,50,100,0.95,100,0.01,100,0.01,169,1,43,67,0,35
48,50,50,100,0.95,100,0.01,100,0.01,139,3,38,98,4,41
49,50,50,100,0.95,100,0.01,100,0.01,141,0,37,93,3,38
50,50,50,100,0.95,100,0.01,100,0.01,214,1,44,83,2,39
51,50,50,100,0.95,100,0.01,100,0.01,160,3,39,85,2,41
52,50,50,100,0.95,100,0.01,100,0.01,166,0,41,82,1,36
53,50,50,100,0.95,100,0.01,100,0.01,180,3,46,96,0,40
54,50,50,100,0.95,100,0.01,100,0.01,173,5,43,83,0,41
55,50,50,100,0.95,100,0.01,100,0.01,147,0,45,96,3,38
56,50,50,100,0.95,100,0.01,100,0.01,187,2,42,89,2,39
57,50,50,100,0.95,100,0.01,100,0.01,153,1,40,92,0,37
58,50,50,100,0.95,100,0.01,100,0.01,157,3,41,79,0,40
59,50,50,100,0.95,100,0.01,100,0.01,133,0,38,91,0,39
60,50,50,100,0.95,100,0.01,100,0.01,155,3,40,82,1,40
61,50,50,100,0.95,100,0.01,100,0.01,168,3,40,77,1,36
62,50,50,100,0.95,100,0.01,100,0.01,155,0,39,86,1,40
63,50,50,100,0.95,100,0.01,100,0.01,223,3,45,94,0,39
64,50,50,100,0.95,100,0.01,100,0.01,180,2,38,87,1,37
65,50,50,100,0.95,100,0.01,100,0.01,226,3,46,92,0,38
66,50,50,100,0.95,100,0.01,100,0.01,170,0,38,84,0,38
67,50,50,100,0.95,100,0.01,100,0.01,181,2,39,98,0,37
68,50,50,100,0.95,100,0.01,100,0.01,181,4,42,76,1,35
69,50,50,100,0.95,100,0.01,100,0.01,146,2,38,77,0,39
70,50,50,100,0.95,100,0.01,100,0.01,147,2,38,96,1,40
71,50,50,100,0.95,100,0.01,100,0.01,168,0,42,102,0,41
72,50,50,100,0.95,100,0.01,100,0.01,190,3,40,84,0,37
73,50,50,100,0.95,100,0.01,100,0.01,126,1,38,80,0,38
74,50,50,100,0.95,100,0.01,100,0.01,186,2,45,87,1,38
75,50,50,100,0.95,100,0.01,100,0.01,172,2,43,81,0,38
76,50,50,100,0.95,100,0.01,100,0.01,177,2,38,89,0,42
77,50,50,100,0.95,100,0.01,100,0.01,175,4,34,75,0,39
78,50,50,100,0.95,100,0.01,100,0.01,187,2,42,86,0,43
79,50,50,100,0.95,100,0.01,100,0.01,158,0,40,72,0,36
80,50,50,100,0.95,100,0.01,100,0.01,186,4,41,91,1,36
81,50,50,100,0.95,100,0.01,100,0.01,209,1,45,104,1,46
82,50,50,100,0.95,100,0.01,100,0.01,146,1,40,64,2,34
83,50,50,100,0.95,100,0.01,100,0.01,195,4,44,95,2,38
84,50,50,100,0.95,100,0.01,100,0.01,165,1,38,86,1,36
85,50,50,100,0.95,100,0.01,100,0.01,189,3,45,96,1,42
86,50,50,100,0.95,100,0.01,100,0.01,171,0,40,89,0,39
87,50,50,100,0.95,100,0.01,100,0.01,132,3,34,80,0,38
88,50,50,100,0.95,100,0.01,100,0.01,158,2,44,76,2,37
89,50,50,100,0.95,100,0.01,100,0.01,180,2,46,88,1,37
90,50,50,100,0.95,100,0.01,100,0.01,142,0,37,82,0,42
91,50,50,100,0.95,100,0.01,100,0.01,179,3,45,85,0,37
92,50,50,100,0.95,100,0.01,100,0.01,182,1,41,90,0,40
93,50,50,100,0.95,100,0.01,100,0.01,182,5,44,109,0,47
94,50,50,100,0.95,100,0.01,100,0.01,185,3,42,88,2,41
95,50,50,100,0.95,100,0.01,100,0.01,194,2,42,84,1,38
96,50,50,100,0.95,100,0.01,100,0.01,191,3,39,101,0,40
97,50,50,100,0.95,100,0.01,100,0.01,153,1,39,107,1,41
98,50,50,100,0.95,100,0.01,100,0.01,155,1,36,87,0,37
99,50,50,100,0.95,100,0.01,100,0.01,188,3,42,94,0,40
100,50,50,100,0.95,100,0.01,100,0.01,135,2,39,96,0,37
1,50,100,100,0.95,100,0.01,100,0.01,315,4,73,181,1,84
2,50,100,100,0.95,100,0.01,100,0.01,308,1,71,188,2,83
3,50,100,100,0.95,100,0.01,100,0.01,330,3,84,179,2,79
4,50,100,100,0.95,100,0.01,100,0.01,287,1,78,161,3,77
5,50,100,100,0.95,100,0.01,100,0.01,333,5,76,185,1,84
6,50,100,100,0.95,100,0.01,100,0.01,364,7,85,169,2,75
7,50,100,100,0.95,100,0.01,100,0.01,387,1,84,202,1,84
8,50,100,100,0.95,100,0.01,100,0.01,352,4,80,177,1,85
9,50,100,100,0.95,100,0.01,100,0.01,376,4,78,158,2,78
10,50,100,100,0.95,100,0.01,100,0.01,284,2,79,164,0,76
11,50,100,100,0.95,100,0.01,100,0.01,385,2,90,166,3,77
12,50,100,100,0.95,100,0.01,100,0.01,352,3,85,159,1,76
13,50,100,100,0.95,100,0.01,100,0.01,320,6,78,177,2,79
14,50,100,100,0.95,100,0.01,100,0.01,360,7,86,192,1,87
15,50,100,100,0.95,100,0.01,100,0.01,360,6,85,157,0,73
16,50,100,100,0.95,100,0.01,100,0.01,349,7,89,174,6,79
17,50,100,100,0.95,100,0.01,100,0.01,332,3,85,167,2,83
18,50,100,100,0.95,100,0.01,100,0.01,302,2,86,173,1,80
19,50,100,100,0.95,100,0.01,100,0.01,376,8,80,195,3,84
20,50,100,100,0.95,100,0.01,100,0.01,336,4,82,153,1,73
21,50,100,100,0.95,100,0.01,100,0.01,349,4,81,172,2,75
22,50,100,100,0.95,100,0.01,100,0.01,407,4,85,160,2,77
23,50,100,100,0.95,100,0.01,100,0.01,357,1,88,176,1,78
24,50,100,100,0.95,100,0.01,100,0.01,338,1,89,167,2,78
25,50,100,100,0.95,100,0.01,100,0.01,351,5,77,153,1,75
26,50,100,100,0.95,100,0.01,100,0.01,330,5,82,174,1,78
27,50,100,100,0.95,100,0.01,100,0.01,378,3,85,160,4,73
28,50,100,100,0.95,100,0.01,100,0.01,304,2,76,165,1,80
29,50,100,100,0.95,100,0.01,100,0.01,329,4,83,172,1,72
30,50,100,100,0.95,100,0.01,100,0.01,322,2,83,178,3,83
31,50,100,100,0.95,100,0.01,100,0.01,297,2,79,161,2,75
32,50,100,100,0.95,100,0.01,100,0.01,387,5,90,189,3,73
33,50,100,100,0.95,100,0.01,100,0.01,341,3,76,159,3,74
34,50,100,100,0.95,100,0.01,100,0.01,333,1,84,171,2,83
35,50,100,100,0.95,100,0.01,100,0.01,335,4,76,187,2,77
36,50,100,100,0.95,100,0.01,100,0.01,394,1,87,164,2,82
37,50,100,100,0.95,100,0.01,100,0.01,320,2,79,172,1,74
38,50,100,100,0.95,100,0.01,100,0.01,290,2,79,168,1,74
39,50,100,100,0.95,100,0.01,100,0.01,397,1,85,176,1,73
40,50,100,100,0.95,100,0.01,100,0.01,303,5,78,204,4,89
41,50,100,100,0.95,100,0.01,100,0.01,316,3,80,163,3,76
42,50,100,100,0.95,100,0.01,100,0.01,368,2,86,188,2,77
43,50,100,100,0.95,100,0.01,100,0.01,372,3,84,155,2,73
44,50,100,100,0.95,100,0.01,100,0.01,326,5,80,161,1,79
45,50,100,100,0.95,100,0.01,100,0.01,372,4,83,193,0,77
46,50,100,100,0.95,100,0.01,100,0.01,345,6,78,149,3,75
47,50,100,100,0.95,100,0.01,100,0.01,365,1,76,162,2,82
48,50,100,100,0.95,100,0.01,100,0.01,327,2,80,172,2,79
49,50,100,100,0.95,100,0.01,100,0.01,379,5,88,195,0,82
50,50,100,100,0.95,100,0.01,100,0.01,311,2,76,172,0,82
51,50,100,100,0.95,100,0.01,100,0.01,356,1,82,173,1,83
52,50,100,100,0.95,100,0.01,100,0.01,339,1,77,159,0,78
53,50,100,100,0.95,100,0.01,100,0.01,342,2,84,180,1,79
54,50,100,100,0.95,100,0.01,100,0.01,377,5,82,161,2,85
55,50,100,100,0.95,100,0.01,100,0.01,383,4,86,172,5,84
56,50,100,100,0.95,100,0.01,100,0.01,355,3,88,199,1,76
57,50,100,100,0.95,100,0.01,100,0.01,372,3,84,178,3,80
58,50,100,100,0.95,100,0.01,100,0.01,354,2,85,159,2,68
59,50,100,100,0.95,100,0.01,100,0.01,355,3,82,171,2,72
60,50,100,100,0.95,100,0.01,100,0.01,286,4,76,157,2,77
61,50,100,100,0.95,100,0.01,100,0.01,375,4,80,182,3,77
62,50,100,100,0.95,100,0.01,100,0.01,380,3,84,185,2,82
63,50,100,100,0.95,100,0.01,100,0.01,312,0,79,154,3,70
64,50,100,100,0.95,100,0.01,100,0.01,347,5,85,176,2,72
65,50,100,100,0.95,100,0.01,100,0.01,341,6,80,159,2,71
66,50,100,100,0.95,100,0.01,100,0.01,354,3,83,159,1,73
67,50,100,100,0.95,100,0.01,100,0.01,333,3,78,166,0,80
68,50,100,100,0.95,100,0.01,100,0.01,326,5,82,177,0,77
69,50,100,100,0.95,100,0.01,100,0.01,310,3,80,144,6,70
70,50,100,100,0.95,100,0.01,100,0.01,325,3,83,173,0,85
71,50,100,100,0.95,100,0.01,100,0.01,379,1,90,179,3,74
72,50,100,100,0.95,100,0.01,100,0.01,353,1,87,162,0,81
73,50,100,100,0.95,100,0.01,100,0.01,367,3,90,198,4,85
74,50,100,100,0.95,100,0.01,100,0.01,251,2,79,131,1,71
75,50,100,100,0.95,100,0.01,100,0.01,321,5,76,168,2,73
76,50,100,100,0.95,100,0.01,100,0.01,349,2,72,185,7,77
77,50,100,100,0.95,100,0.01,100,0.01,344,6,85,182,2,76
78,50,100,100,0.95,100,0.01,100,0.01,319,3,74,152,4,73
79,50,100,100,0.95,100,0.01,100,0.01,344,4,89,175,0,79
80,50,100,100,0.95,100,0.01,100,0.01,314,3,83,173,1,79
81,50,100,100,0.95,100,0.01,100,0.01,417,4,90,172,2,85
82,50,100,100,0.95,100,0.01,100,0.01,350,2,87,205,3,85
83,50,100,100,0.95,100,0.01,100,0.01,365,5,80,177,1,73
84,50,100,100,0.95,100,0.01,100,0.01,341,4,82,157,4,70
85,50,100,100,0.95,100,0.01,100,0.01,368,1,84,179,0,84
86,50,100,100,0.95,100,0.01,100,0.01,369,4,81,148,2,71
87,50,100,100,0.95,100,0.01,100,0.01,343,8,85,176,1,77
88,50,100,100,0.95,100,0.01,100,0.01,299,1,77,165,2,76
89,50,100,100,0.95,100,0.01,100,0.01,323,3,84,182,2,79
90,50,100,100,0.95,100,0.01,100,0.01,363,3,88,177,2,80
91,50,100,100,0.95,100,0.01,100,0.01,407,6,84,165,0,78
92,50,100,100,0.95,100,0.01,100,0.01,400,8,80,155,1,77
93,50,100,100,0.95,100,0.01,100,0.01,307,6,77,193,3,72
94,50,100,100,0.95,100,0.01,100,0.01,314,4,85,190,1,78
95,50,100,100,0.95,100,0.01,100,0.01,342,4,85,175,2,78
96,50,100,100,0.95,100,0.01,100,0.01,336,4,78,176,3,75
97,50,100,100,0.95,100,0.01,100,0.01,366,2,84,172,2,73
98,50,100,100,0.95,100,0.01,100,0.01,278,3,75,175,0,75
99,50,100,100,0.95,100,0.01,100,0.01,313,1,79,165,1,75
100,50,100,100,0.95,100,0.01,100,0.01,380,2,81,182,3,82
